experiment,started_utc,running,global_step,val/BPC,val_w1024/BPC,test/BPC,test_w1024/BPC,val/Acc,train/Acc,env/EpRet,eval/EpRet,H,perf/fps,train/skipped_steps,Skipped
rnn.L1_1.00M mid/rnn.L1,2026-10-01 20:57,False,995038208.000000,1.680906,1.687992,-,-,0.636041,-,-,-,-,191897.980205,-,-
rnn.L2_1.01M mid/rnn.L2,2026-10-01 20:58,False,1000000001.000000,1.635939,1.643440,1.696487,1.703298,0.644089,-,-,-,-,2576.840402,-,-
rnn.L3_985.56K mid/rnn.L3,2026-10-01 20:59,False,1000000001.000000,1.626219,1.633833,1.686236,1.693358,0.645830,-,-,-,-,2584.519974,-,-
grnn.L1C8_1.03M mid/grnn.L1C8,2026-10-01 21:00,False,1000000001.000000,1.637657,1.647341,1.702996,1.711531,0.645847,-,-,-,-,2758.033960,-,-
grnn.L2C4_1.05M mid/grnn.L2C4,2026-10-01 21:01,False,995038208.000000,1.592080,1.601624,-,-,0.653910,-,-,-,-,80125.575144,-,-
grnn.L2C8_972.72K mid/grnn.L2C8,2026-10-01 21:03,False,995038208.000000,1.609589,1.618476,-,-,0.650511,-,-,-,-,50801.100049,-,-
grnn.L3C4_1.07M mid/grnn.L3C4,2026-10-01 21:04,False,995038208.000000,1.592751,1.602787,-,-,0.653406,-,-,-,-,76266.993711,-,-
grnn_lru.L1C8_1.00M mid/grnn_lru.L1C8,2026-10-01 21:05,False,1000000001.000000,1.747263,1.761283,1.811621,1.824267,0.626821,-,-,-,-,2558.492011,-,-
grnn_lru.L2C4_1.05M mid/grnn_lru.L2C4,2026-10-01 21:07,False,995038208.000000,1.672669,1.685937,-,-,0.638744,-,-,-,-,139452.101501,-,-
grnn_lru.L2C8_1.06M mid/grnn_lru.L2C8,2026-10-01 21:08,False,990038016.000000,1.718962,1.731079,-,-,0.629457,-,-,-,-,78314.762118,-,-
grnn_lru.L3C4_1.06M mid/grnn_lru.L3C4,2026-10-01 21:09,False,1000000001.000000,1.669482,1.683689,1.729995,1.741797,0.638657,-,-,-,-,2635.556059,-,-
transformer_1.00M mid/transformer,2026-10-01 21:09,False,997687296.000000,1.646555,1.660675,-,-,0.640543,-,-,-,-,282492.814859,-,-
rims_994.86K mid/rims,2026-10-01 21:10,False,1000000001.000000,1.942329,1.966251,2.003383,2.018449,0.582626,-,-,-,-,2633.949712,-,-
brims_1.00M mid/brims,2026-10-01 21:11,False,1000000001.000000,1.872606,1.880331,1.925508,1.931782,0.594632,-,-,-,-,2860.353300,-,-
rnn.L1_1.00M mid/rnn.L1/seed1337,2026-10-01 21:16,False,1000000001.000000,1.680424,1.687704,1.741483,1.748245,0.635889,-,-,-,-,2409.376315,-,-
grnn.L2C4_topk1_1.05M mid/grnn.L2C4_topk1,2026-10-01 22:27,False,995038208.000000,1.886932,1.894774,-,-,0.594071,-,-,-,-,94160.180130,-,-
grnn_lru.L2C4_1.05M mid/grnn_lru.L2C4/seed1337,2026-10-02 05:06,False,975037440.000000,1.671631,1.686482,-,-,0.638648,-,-,-,-,108010.863958,-,-
rnn.L2_1.01M mid/rnn.L2/seed1337,2026-10-02 05:18,False,995038208.000000,1.635216,1.642597,-,-,0.644504,-,-,-,-,168479.329066,-,-
grnn_lru.L2C4_1.05M mid/grnn_lru.L2C4/seed31337,2026-10-02 05:28,False,995038208.000000,1.671715,1.685129,-,-,0.638849,-,-,-,-,151112.393962,-,-
grnn.L2C4_topk2_1.05M mid/grnn.L2C4_topk2,2026-10-02 06:24,False,995038208.000000,1.635279,1.645433,-,-,0.644862,-,-,-,-,141929.071753,-,-
rnn.L2_1.01M mid/rnn.L2/seed31337,2026-10-02 06:25,False,1000000001.000000,1.636654,1.643988,1.696714,1.703452,0.643837,-,-,-,-,3099.486995,-,-
grnn.L2C4_1.05M mid/grnn.L2C4/seed1337,2026-10-02 06:34,False,1000000001.000000,1.593256,1.602847,1.659663,1.668118,0.653456,-,-,-,-,4693.954420,-,-
grnn_lru_sparse.control_1.05M lru_mid/control,2026-10-02 07:08,False,1000000001.000000,1.676148,1.687633,1.739387,1.749965,0.637845,-,-,-,-,3769.952168,-,-
grnn.L2C4_1.05M mid/grnn.L2C4/seed31337,2026-10-02 07:12,False,1000000001.000000,1.602653,1.610589,1.667602,1.674883,0.651145,-,-,-,-,10939.838803,-,-
grnn_lru_sparse.self_heavy_1.05M lru_mid/self_heavy,2026-10-02 07:17,False,995038208.000000,1.667957,1.681122,-,-,0.639593,-,-,-,-,155578.535295,-,-
grnn_lru_sparse.star_1.05M lru_mid/star,2026-10-02 07:20,False,1000000001.000000,1.681635,1.692236,1.740869,1.752494,0.637210,-,-,-,-,4681.118121,-,-
grnn_lru_sparse.star_ring_1.05M lru_mid/star_ring,2026-10-02 07:23,False,995038208.000000,1.682815,1.694061,-,-,0.636484,-,-,-,-,159734.660571,-,-
grnn_lru_sparse.clockwork_1.05M lru_mid/clockwork,2026-10-02 08:00,False,995038208.000000,1.708446,1.724113,-,-,0.631873,-,-,-,-,204546.470217,-,-
grnn_lru_sparse.block_531.06K lru_mid/block,2026-10-02 08:00,False,995038208.000000,1.763799,1.775733,-,-,0.620305,-,-,-,-,217781.166941,-,-
grnn_lru_sparse.entmax_1.05M lru_mid/entmax,2026-10-02 08:39,False,1000000001.000000,1.686081,1.698225,1.748158,1.758090,0.636081,-,-,-,-,28094.699401,-,-
grnn_lru_sparse.dynamic_hub_1.06M lru_mid/dynamic_hub,2026-10-02 08:46,False,1000000001.000000,1.665942,1.677096,1.729998,1.739789,0.639270,-,-,-,-,60584.523362,-,-
grnn_lru_sparse.dynamic_control_1.06M text_lru_architecture_mid/dynamic_control,2026-10-02 17:10,False,1000000001.000000,1.667321,1.679351,1.730675,1.741194,0.638658,-,-,-,-,2422.513594,-,-
grnn_lru_experimental.write_gate_1.06M text_lru_architecture_mid/write_gate,2026-10-02 17:11,False,1000000001.000000,1.665016,1.677127,1.727558,1.738373,0.638917,-,-,-,-,3162.347886,-,-
grnn_lru_experimental.query_read_1.11M text_lru_architecture_mid/query_read,2026-10-02 17:11,False,995038208.000000,1.687240,1.700851,-,-,0.634687,-,-,-,-,97107.739425,-,-
grnn_lru_experimental.associative_830.32K text_lru_architecture_mid/associative,2026-10-02 17:12,False,995038208.000000,1.693813,1.712142,-,-,0.633103,-,-,-,-,121935.023532,-,-
grnn_lru_experimental.rotations_1.06M text_lru_architecture_mid/rotations,2026-10-02 17:13,False,1000000001.000000,1.665066,1.677219,1.729182,1.739857,0.639352,-,-,-,-,3236.123731,-,-
grnn_lru_experimental.two_reads_1.06M text_lru_architecture_mid/two_reads,2026-10-02 17:14,False,1000000001.000000,1.648845,1.660695,1.712935,1.723182,0.641935,-,-,-,-,2502.242894,-,-
grnn.L3C4_1.07M mid/grnn.L3C4/seed1337,2026-10-02 17:15,False,1000000001.000000,1.590986,1.601223,1.658960,1.667802,0.653556,-,-,-,-,1631.884357,-,-
grnn.L3C4_1.07M mid/grnn.L3C4/seed31337,2026-10-02 17:16,False,995038208.000000,1.591802,1.601719,-,-,0.653791,-,-,-,-,52813.512322,-,-
rnn.L3_985.56K mid/rnn.L3/seed1337,2026-10-02 17:16,False,1000000001.000000,1.614881,1.623641,1.676603,1.684550,0.648862,-,-,-,-,2560.275149,-,-
mamba_1.00M mid/mamba,2026-10-02 21:01,False,1000000001.000000,1.566381,1.583366,1.636267,1.651618,0.659167,-,-,-,-,2097.392892,-,-
mqar_lru_architecture_mid/dynamic_control/ep8,2026-10-02 21:03,False,193673216.000000,-,-,-,-,0.026871,0.199350,-,-,-,1726.965404,7.000000,-
mqar_lru_architecture_mid/write_gate/ep8,2026-10-02 21:04,False,193673216.000000,-,-,-,-,0.023210,0.200830,-,-,-,2550.844628,0.000000,-
rnn.L2_1.01M rollout_mid/gru/r64/pilot67M,2026-10-03 02:43,False,67108865.000000,1.912290,-,-,-,0.585470,-,-,-,-,2158.782852,-,-
rnn.L2_1.01M rollout_mid/gru/r512/pilot67M,2026-10-03 02:53,False,62914560.000000,2.003419,-,-,-,0.571760,-,-,-,-,46554.296158,-,-
rnn.L2_RepeatPreviousHard_1.00M rl_mid_shortlist/01_RepeatPreviousHard_gru/8388608slots/seed42,2026-10-03 03:21,False,8126464.000000,-,-,-,-,-,-,-0.503829,-0.518342,0.969826,129.726269,-,0.000000
delta_net_1.00M mid/delta_net,2026-10-03 03:48,False,995038208.000000,1.785296,1.791849,-,-,0.612197,-,-,-,-,17420.062521,-,-
mlstm_995.58K mid/mlstm,2026-10-03 03:52,False,995038208.000000,1.713499,1.720677,-,-,0.627161,-,-,-,-,30484.217842,-,-
lru.L2_RepeatPreviousHard_1.03M rl_mid_shortlist/02_RepeatPreviousHard_lru/8388608slots/seed42,2026-10-03 03:53,False,8126464.000000,-,-,-,-,-,-,-0.346211,-0.352582,0.084328,130.181431,-,0.000000
grnn_lru.L2C4_1.05M rollout_mid/grnn_lru/r64/pilot67M,2026-10-03 04:02,False,67108865.000000,2.300089,-,-,-,0.517452,-,-,-,-,2240.780797,-,-
grnn.L2C4_1.05M rollout_mid/grnn_gru/r64/pilot67M,2026-10-03 04:10,False,67108865.000000,1.862459,-,-,-,0.597208,-,-,-,-,1652.906216,-,-
grnn_lru.L2C4_1.05M rollout_mid/grnn_lru/r512/pilot67M,2026-10-03 04:12,False,62914560.000000,2.487046,-,-,-,0.478014,-,-,-,-,33956.016426,-,-
grnn.L2C4_1.05M rollout_mid/grnn_gru/r512/pilot67M,2026-10-03 04:26,False,62914560.000000,1.946403,-,-,-,0.582464,-,-,-,-,13033.285652,-,-
grnn.L2C4_1.05M grnn_ablation_mid/none/pilot67M,2026-10-03 04:27,False,62914560.000000,1.928157,-,-,-,0.586843,-,-,-,-,79257.589543,-,-
lru.L2_1.05M rollout_mid/lru/r64/pilot67M,2026-10-03 04:33,False,62914560.000000,2.157457,-,-,-,0.544760,-,-,-,-,122571.157517,-,-
lru.L2_1.05M rollout_mid/lru/r512/pilot67M,2026-10-03 04:34,False,62914560.000000,2.155218,-,-,-,0.543837,-,-,-,-,39351.194150,-,-
grnn.L2C4_RepeatPreviousHard_1.05M rl_mid_shortlist/03_RepeatPreviousHard_grnn_gru/8388608slots/seed42,2026-10-03 04:48,False,8126464.000000,-,-,-,-,-,-,-0.498387,-0.514946,1.277534,124.691109,-,0.000000
hgrn2_996.21K mid/hgrn2,2026-10-03 04:49,False,995038208.000000,1.669897,1.679699,-,-,0.636548,-,-,-,-,17170.411681,-,-
grnn_lru.L2C4_RepeatPreviousHard_1.04M rl_mid_shortlist/04_RepeatPreviousHard_grnn_lru/8388608slots/seed42,2026-10-03 05:04,False,8388608.000000,-,-,-,-,-,-,-0.497599,-0.504755,1.305855,133.113275,-,0.000000
grnn.L2C4_1.05M grnn_ablation_mid/no_noise/pilot67M,2026-10-03 05:05,False,67108865.000000,1.867875,-,-,-,0.596886,-,-,-,-,2350.982971,-,-
grnn.L2C4_1.05M grnn_ablation_mid/no_comm/pilot67M,2026-10-03 05:20,False,62914560.000000,1.921952,-,-,-,0.587521,-,-,-,-,96931.102100,-,-
grnn.L2C4_1.05M grnn_ablation_mid/no_entropy/pilot67M,2026-10-03 05:21,False,67108865.000000,1.861003,-,-,-,0.596989,-,-,-,-,2063.072272,-,-
grnn_lru_sparse.dynamic_hub_RepeatPreviousHard_1.05M rl_mid_shortlist/05_RepeatPreviousHard_dynamic_hub/8388608slots/seed42,2026-10-03 05:39,False,8388608.000000,-,-,-,-,-,-,-0.499425,-0.494565,1.301605,156.414945,-,0.000000
grnn_lru_experimental.two_reads_RepeatPreviousHard_1.05M rl_mid_shortlist/06_RepeatPreviousHard_two_reads/8388608slots/seed42,2026-10-03 05:40,False,8126464.000000,-,-,-,-,-,-,-0.500594,-0.500679,1.237439,140.938116,-,0.000000
rnn.L2_AutoencodeEasy_1.00M rl_mid_shortlist/07_AutoencodeEasy_gru/8388608slots/seed42,2026-10-03 05:41,False,8126464.000000,-,-,-,-,-,-,-0.493958,-0.497596,0.820822,135.627851,-,0.000000
lru.L2_AutoencodeEasy_1.03M rl_mid_shortlist/08_AutoencodeEasy_lru/8388608slots/seed42,2026-10-03 05:42,False,8126464.000000,-,-,-,-,-,-,-0.472564,-0.468750,0.073010,137.355553,-,0.000000
grnn_lru_sparse.dynamic_hub_AutoencodeEasy_1.05M rl_mid_shortlist/09_AutoencodeEasy_dynamic_hub/8388608slots/seed42,2026-10-03 05:43,False,8126464.000000,-,-,-,-,-,-,-0.499250,-0.510817,1.271742,140.071436,-,0.000000
grnn_lru_experimental.two_reads_AutoencodeEasy_1.05M rl_mid_shortlist/10_AutoencodeEasy_two_reads/8388608slots/seed42,2026-10-03 05:44,False,8388608.000000,-,-,-,-,-,-,-0.498502,-0.526442,1.351596,147.087648,-,0.000000
mqar_lru_architecture_mid/query_read/ep8,2026-10-03 05:45,False,189661184.000000,-,-,-,-,0.000234,0.000263,-,-,-,2176.479102,171.000000,-
mqar_lru_architecture_mid/associative/ep8,2026-10-03 07:57,False,185649152.000000,-,-,-,-,0.015242,0.203879,-,-,-,2235.514182,10.999991,-
mqar_lru_architecture_mid/rotations/ep8,2026-10-03 07:58,False,191666176.000000,-,-,-,-,0.016968,0.210008,-,-,-,2143.230073,0.000000,-
mqar_lru_architecture_mid/two_reads/ep8,2026-10-03 07:59,False,187652096.000000,-,-,-,-,0.017976,0.185739,-,-,-,2267.981472,8.000000,-
grnn_lru.L3C4_1.06M mid/grnn_lru.L3C4/seed1337,2026-10-03 08:00,False,1000000001.000000,1.665874,1.681164,1.730279,1.743309,0.639256,-,-,-,-,2200.407053,-,-
grnn_lru.L3C4_1.06M mid/grnn_lru.L3C4/seed31337,2026-10-03 08:01,False,995038208.000000,1.674206,1.685709,-,-,0.637383,-,-,-,-,70036.125655,-,-
grnn.L1C8_1.03M mid/grnn.L1C8/seed1337,2026-10-03 21:39,False,995038208.000000,1.635798,1.644990,-,-,0.646300,-,-,-,-,93032.104987,-,-
grnn.L2C8_972.72K mid/grnn.L2C8/seed1337,2026-10-03 22:20,False,1000000001.000000,1.607156,1.616554,1.672999,1.681436,0.650915,-,-,-,-,3256.484709,-,-
grnn_lru.L1C8_1.00M mid/grnn_lru.L1C8/seed1337,2026-10-03 22:37,False,995038208.000000,1.746972,1.761067,-,-,0.627174,-,-,-,-,93575.466867,-,-
grnn_lru.L2C8_1.06M mid/grnn_lru.L2C8/seed1337,2026-10-03 22:52,False,995038208.000000,1.712313,1.725070,-,-,0.630560,-,-,-,-,88016.621980,-,-
delta_net_1.00M mid/delta_net/seed1337,2026-10-03 23:26,False,1000000001.000000,1.783578,1.796487,1.840287,1.851396,0.611856,-,-,-,-,7035.910464,-,-
hgrn2_996.21K mid/hgrn2/seed1337,2026-10-03 23:27,False,995038208.000000,1.669168,1.678457,-,-,0.636669,-,-,-,-,54635.820411,-,-
mlstm_995.58K mid/mlstm/seed1337,2026-10-03 23:34,False,995038208.000000,1.719009,1.726273,-,-,0.625345,-,-,-,-,42755.805489,-,-
transformer_1.00M mid/transformer/seed1337,2026-10-04 01:18,False,997687296.000000,1.632700,1.646778,-,-,0.643356,-,-,-,-,242012.373002,-,-
rims_994.86K mid/rims/seed1337,2026-10-04 03:07,False,1000000001.000000,1.805886,1.812865,1.863220,1.869598,0.607972,-,-,-,-,3828.385109,-,-
mamba_1.00M mid/mamba/seed1337,2026-10-04 05:58,False,1000000001.000000,1.564935,1.578983,1.633217,1.645032,0.659317,-,-,-,-,6184.399304,-,-
brims_1.00M mid/brims/seed1337,2026-10-04 11:55,False,1000000001.000000,1.897920,1.963050,1.952209,2.017376,0.590144,-,-,-,-,48605.983752,-,-
mqar_lru_slots_mid/slot_content/ep8,2026-10-04 12:03,False,-,-,-,-,-,-,-,-,-,-,-,-,-
mqar_lru_slots_mid/slot_alloc/ep8,2026-10-04 12:04,False,-,-,-,-,-,-,-,-,-,-,-,-,-
